group,sub_group,third_group,province,phone,title,description
خدمات,خدمات نظافت,قالیشویی نامجو مدنی معلم سبلان گلبرگ,tehran,۰۹۹۱۰۳۰۹۷۵۰,قالیشویی نامجو مدنی معلم سبلان گلبرگ,"بهترین قالیشویی با دستگاه‌های مکانیزه مجهز ب گرمخانه برای رفاه حال مشتریان عزیز
 متخصص در شستشوی انواع فرش ماشینی و دستبافت و ابریشم و گل ابریشم
ارائه دهنده انواع رفوگری،مرمت، ترمیم 
انواع فرشهای نفیس واعلا
خشکشویی مبلمان در محل بدون ریزش آب
_______________________________
✅عضو رسمی اتحادیه 
✅سرویس سراسر تهران 
✅بدون تعطیلی 48ساعته 
✅لول واتو و کاور 
 ✴️سرویس رایگان ✴️
___________________________
راههای ارتباط با مجموعه 
 ☑️مرکزی☑️


❤️با تخفیفات ما شگفت زده خواهید شد❤️"
خدمات,خدمات موتور و ماشین,نقاشی خودرو صافکاری pdr واکس پولیش سرامیک ماشین,tehran,۰۹۱۲۳۷۶۸۴۶۷,نقاشی خودرو صافکاری pdr واکس پولیش سرامیک ماشین,"مرکز تخصصی رنگ و لیسه گیری غرب تهران
لیسه گیری حرفه ای تخصصی انواع خودرو متالیک
و روغنی با روش نوین انجام میشود
نقاشی اتومبیل با بهترین متریال المانی
صافکاری به روش pdr
پولیش و واکس ۳ مرحله ای با مواد خارجی
انواع سرامیک خودرو از ۱ساله تا ۷ ساله
رنگ و تغییر رنگ رینگ خودرو
سپر سازی و ترمیم سپر"
خدمات,خدمات موتور و ماشین,کارشناس خودرونواب آزادی تهرانسرچیتگر جی موتورسیکلت,tehran,۰۹۹۶۲۴۱۹۳۷۵,کارشناس خودرونواب آزادی تهرانسرچیتگر جی موتورسیکلت,"⭐⭐ کل تهران و حومه ⭐⭐

خودرو+موتورسیکلت 

⚜️ با بیمه مسئولیت ⚜️ با بیمه مسئولیت

⛔شرکت ثبت شده سهامی خاص⛔


❇️تنظیم قولنامه رسمی و مشاوره حقوقی

⏰️ اعزام کارشناس به تمام نقاط تهران تنها در ۱۵ دقیقه

️ ارائه برگه کارشناسی با مهر کارشناس +ضمانت بیمه مسئولیت 


✔️ تشخیص رنگ شدگی بتونه لیسه کشی آبرنگ کلر صافکاری بی رنگ 

✔️  تشخیص دوتیکه بودن و چپی بودن 

✔️ تشخیص اتاق تعویض شقه تعویض

✔️  بررسی سقف و ستون و شاسی ها

✔️  تشخیص ۱۰۰ درصد قطعات تعویضی فابریک و استوک

✔️  تشخیص  تعویض سینی کف صندوق


☀️ بازدید هرگونه مشکل فنی اعم از

روغن شوزی خرابی جلوبندی و پلوس ها
سیستم تعلیق آپشن ها سرد کن گرمکن
کولر و بخاری
نشتی روغن 
کیلومتر واقعی
گیربکس دستی و اتومات 

⭐تشخیص انواع موتورسیکلت های تنه سنگ خرده و نمره شده دوتایکی 

تشخیص فابریک بودن سیلندر موتورسیکلت(کروم یا بوش خورده)

تشخیص انواع موتورسیکلت های تصادفی و زمین خورده و تشخیص فابریک بودن ترانزیستور و سیم کشی موتورسیکلت"
خدمات,خدمات آموزشی,آموزش لیسه گیری خودرو,tehran,۰۹۱۹۱۵۶۱۰۷۵,آموزش لیسه گیری خودرو,"آموزش حرفه ای لیسه گیری 
در آموزشگاه معتبر فنی و حرفه ای 

با امکانات آموزشی و رفاهی بینظیر 

برخی سرفصل های دوره لیسه گیری شامل:
تعریف دوره لیسه گیری
فضای مورد نیاز 
اهمیت نور در محیط کار 
ابزارالات موردنیاز(هیترها-هیت گان-اینفرارد)
ترکیب رنگ
شناخت رنگ و بنیاد آن
انواع رنگ در صنعت خودرو
شناخت مادر رنگ ها
جوهرها 
اکلیل ها 
صدف ها 
مادر رنگ پوششی 
فلاپ ایجنت ها 
مراحل ساخت رنگ ها 
مراحل اجرای کار بر روی پنل خودرو
آسیب شناسی و چگونگی آماده سازی زخم ها 
زیرسازی کامل سطح آسیب دیده 
رنگ گذاری و لیسه کشی 
پوستاب کاری بعد از انجام کار 
پولیشکاری نهایی 
و...

با صبحانه،ناهار و خوابگاه داخل مجموعه ویژه هنرجویان راه دور"
خدمات,خدمات آموزشی,پرستار و مربی آموزشی خصوصی کودک هستم,tehran,۰۹۳۵۱۱۹۱۴۴۷,پرستار و مربی آموزشی خصوصی کودک هستم,"آموزش فرزند دلبند شما
✅ با تحصیلات مرتبط( لیسانس روانشناسی)
✅۴ سال سابقه کار با کودک 
✅۴سال سابقه کار اداری
✅پذیرش کودکان بالای۳سال
✅امکان همراهی فرزند دلبندتان در سفرهای داخلی و خارجی
☑️خانمی جوان، موّقر، مسئولیت پذیر،پرانرژی، متعهدو مهربان و صبور ، عدم اعتیاد به موبایل و سیگار و هرگونه مواد مخدر 
☑️لحظات شاد برای فرزند دلبند شما همراه با بازی های هدفمند و مغزساز،قصّه گویی و کتاب خوانی ، آموزش شعر و نقاشی، آموزش تربیت جنسی 
☑️بازی های مربوط به حیطه توجه و تمرکز، هوش هیجانی، هوش منطقی، عزت نفس و اعتماد به نفس، آموزش مدیریت احساس های کودک( ترس، عصبانیت، خجالت و….)
☑️آموزش پیش دبستانی ۱ و ۲
 ☑️آموزش دروس اول و دوم ابتدایی
☑️آشنا به ترکی استانبول
☑️بازی های هدفمند و آموزش مقاطع سنی مختلف
متن آگهی رو با دقت مطالعه بفرمایید
فقط و فقط تماس پاسخگو هستم لطفاً برای وقت بنده و خود ارزش قائل شوید."
خدمات,خدمات مالی، حسابداری، بیمه,کیفیت ثبت شرکت 3 روز تغییرات 5 روز برند زمان کم,tehran,۰۹۱۹۵۳۲۱۰۶۵,کیفیت ثبت شرکت 3 روز تغییرات 5 روز برند زمان کم,"- شبانه روزی اخذ کارت بازرگانی برند ثبت شرکت تغییرات متفاوت 
- اخذ کارت بازرگانی ثبت برند و لوگو به صورت حرفه ای 
- ثبت انواع شرکت به صورت متفاوت و خاص 
- ثبت انواع صورتجلسه شرکت تمدید هیئت مدیره – تبدیل نوع شرکت 3 روزه 
- اخذ کد اقتصادی و ارزش افزوده با نازل ترین قیمت"
خدمات,خدمات مالی، حسابداری، بیمه,ثبت شرکت ثبت برند اخذ کد پلمپ دفاتر,tehran,۰۹۱۹۷۰۴۱۰۹۲,ثبت شرکت ثبت برند اخذ کد پلمپ دفاتر,"ثبت انواع شرکت با کارشناسان مجرب با کارت هدیه طلایی
اخذ کارت بازرگانی و گواهی ارزش افزوده با خدمات ویژه
ثبت تغییرات- تنظیم صورتجلسات-انحلال
رتبه بندی پیمانکاری و کلیه رشته های مهندسی انفورماتیک
کار از شما اقدام در اسرع وقت از ما
سامانه تخصصی تبت برند در کمترین زمان با حداقل هزینه
اخذ کد اقتصادی در کمترین زمان
ثبت اختراع -طرح صنعتی-ثبت ایده
ثبت طرح صنعتی و اختراع به صورت تخصصی با نازلترین قیمت

********
********
********
خانم کیانا"
خدمات,خدمات نظافت,خدمات نظافت اقا,tehran,۰۹۳۹۰۱۶۰۹۵۷,خدمات نظافت اقا,"با سلام وعرض ادب خدمت شما عزیزان،
اقا هستم ۳۷سالمه، تمیز، جوان، پرانرژی
سابقه۵ ساله دارم در کار خدمات نظافت منزل و غیره،
نظافت واحدهای نوساز رنگ شده،
نظافت صفر تا صد کارهای منزل شما و امور شخصی شما، نظافت صفر تا صد خونه های نوساز، نظافت راه پله و پارکینگ، پرستاری از افراد مسن شبانه روز، قبول درخواست اقایان یا بانوانی که تنها هستند ونیاز به کمک و مراقبت دارند،
قبول درخواست کارهای شخصی که توان انجام براتون سخت باشه، قبول درخواست خرید وسایل منزل، کار به صورت شبانه روز و با کمترین قیمت ساعتی ۱۰۰تومن انجام میشود، به تمام نقاط تهران"
خدمات,خدمات آموزشی,دوره ژل و بوتاکس لیفت نخ فیلر بادی,tehran,۰۹۳۶۰۳۹۱۱۵۸,دوره ژل و بوتاکس لیفت نخ فیلر بادی,"برگزاری دورهای آموزشی ژل و بوتاکس از مبتدی تا حرفه ایی جدیدترین متدهای آموزشی مدل از آموزشگاه به همراه پشتیبانی درآخر دوره مدرک معتبر صادر می‌گردد فقط ۴/۵۰۰
حالا چرا آموزشگاه ما ؟!
آموزش توسط:پزشک گام به گام !!
پشتیبانی تا زمان حرفه ایی شدن شما هنرجوی عزیز!!!
نگران مدلی تیم تخصصی آموزشگاه برات آماده میکنه !!!!!!
مدرک معتبر میخوای همینجاست !!!
بعد آموزش نیاز به فضا داری برای کار همینجاست!!!!

 
مادلینگ کات سیب گونه فیلر شقیقه و فرم دهی بینی و چونه اندوه خط،خنده لیفت ابرو رفع میگرن لبخند لثه ایی کوچیک کردن پره بینی و لیفت ابرو با بوتاکس ۴/۵۰۰
لیفت بانخ و نخ های جوانساز 
فرم دهی لب های کلاسیک روسی و غیره ..
دورهای مزوتراپی 
ازاین تخفیفات بهره ببرید 
مدارک دانشگاهی با استعلام آنلاین هم صادر می‌گردد 
جهت راهنمایی و مشاوره درتماس باشین باآرزوی بهترینا"
خدمات,خدمات آموزشی,تدریس خصوصی ریاضی و فیزیک,tehran,***,تدریس خصوصی ریاضی و فیزیک,"تدریس خصوصی ریاضیات (حسابان، هندسه، گسسته، جبر، آمار و احتمال)
دبستان ودبیرستان دوره اول و دوم وفیزیک دبیرستان دوره دوم به صورت خصوصی ونیمه خصوصی به صورت حضوری وانلاین توسط استاد با تجربه ۷ سال تدریس در دبیرستان مهرآیین و علوی و سلام و آموزشکاه های معتبر تدریس حضوری در آموزشکاه نیز امکان پذیر است"
خدمات,خدمات پذیرایی، مراسم,باغ تالار،عمارت،عروسی،تشریفات مجالس در گرمدره,tehran,۰۹۱۲۷۷۶۱۷۰۸,باغ تالار،عمارت،عروسی،تشریفات مجالس در گرمدره,"سلام خدمت عزیزان
باغ تالار اختصاصی در گرمدره

منو پایه

*10 مدل غذا
10 مدل سالاد
3 مدل نوشیدنی شام
دسر شات و کاپ کیک
—————————————
* 5 مدل میوه فصل
* ۲ طبقه کیک مراسم با ۴ طبقه ماکت کیک
* 4 مدل شیرینی تر و خشک
* 5 مدل آبمیوه دیزاین شده و طبیعی
*بار گرم ؛ چای و نسکافه
————————————————————
*گل آرایی طبیعی(سالن،محوطه بیرون٫جایگاه عروس)
* آتش بازی سه مرحله ای(ورود،کیک،تانگو)
*دیزاین انتخابی
* اجرای رقص تانگو با مه سرد و حباب و آتش بازی
* شمع آرایی(سالن،ورودی)
* یک مهماندار به ازای هر ۱۵ نفر مهمان 
* نورپردازی موزیک 
*تلویزیون شهری برای پخش کلیپ عروس داماد رایگان میباشد
————————————————————————
منو نفری ۷۰۰ هزار تومان 

با ما از طریق واتسااپ شماره گذاشته شده هم میتونین در ارتباط باشین"
خدمات,خدمات پیشه و مهارت,کناف کار کناف کاری کنافکار دورباکس کناف ایران,tehran,۰۹۹۰۹۶۲۷۳۲۲,کناف کار کناف کاری کنافکار دورباکس کناف ایران,"طراحی و اجرای کناف مستقیم با استادکار
دیوارجداکننده و دیوار پوششی با عایق صداگیر
انواع طرح های مختلف در سقف و دیوار
سقف کاذب،فلت،دورباکس،نورمخفی ساده و منحنی
دور لوستر
لاین نوری
نورخطی
تیوی باکس
60×60
cnc
iranknauf_
 شبانه روزی"
خدمات,خدمات موتور و ماشین,شیشه‌ دودی سیار تِهرانسر و حومه,tehran,۰۹۱۲۶۷۵۳۲۷۰,شیشه‌ دودی سیار تِهرانسر و حومه,"- نصب برچسب شیشه دودی با بهترین برند، ضدخش و UV400 .

- قیمت برای پراید، تیبا و خودروهای مشابه 800 هزار تومان ( این قیمت برای کل شیشه‌های ماشین از جمله شیشه عقب و درب ها میباشد )
خودروهای شاسی و متفرقه = توافقی 

- ضمنا نصب شیشه عقب یک تیکه و حرارتی میباد 
- نصب در محل پذیرفته میشود ( غرب تهران )

- ‼️ جهت دریافت اطلاعات بیشتر فقط با شماره درج شده در آگهی تماس بگیرید ‼️"
خدمات,خدمات رایانه‌ای و موبایل,طراحی سایت متناسب با بودجه شما,tehran,۰۹۰۳۱۰۲۰۰۲۲,طراحی سایت متناسب با بودجه شما,"طراحی تخصصی و حرفه ای سایت 
انواع سایت های شخصی ، شرکتی و فروشگاهی
 با بهترین قیمت و کمترین زمان
متناسب با بودجه شما
دارای پنل فارسی و آسان جهت مدیریت وبسایت
قیمت خدمات
طراحی سایت شخصی: اجرت کار ۳٬۰۰۰٬۰۰۰ تومان
طراحی سایت شرکتی: اجرت کار ۵٬۰۰۰٬۰۰۰ تومان
طراحی سایت فروشگاهی: اجرت کار ۷٬۰۰۰٬۰۰۰ تومان"
خدمات,خدمات پیشه و مهارت,نقاشی ساختمان خورده کاری ـ کاغذ دیواری,tehran,۰۹۳۶۷۵۵۱۷۳۳,نقاشی ساختمان خورده کاری ـ کاغذ دیواری,"با سلام و احترام..
اجرایی تمامی رنگ ها با بهترین مصالح و برند ..
.اجرای کار با بهترین همکاران و در معین ترین زمان ممکن ..!
اجرای رنگ آمیزی در تمامی نقاط تهران ..
.
فروش و نصب کفپوش های pvs,ضد آب با کمترین قیمت بازار 
فروش و نصب انواع کاغذ دیواری و پوستر سه بعدی .
.بازدید و مشاوره رایگان..!
برای ایجاد تنوع و زیبا سازی خانه هایتان با ما همراه باشید !"
خدمات,خدمات موتور و ماشین,اسقاطی نیسان تناژ 3.8 و کامیونت و مینی بوس اسقاط,tehran,۰۹۱۲۰۹۴۵۱۴۵,اسقاطی نیسان تناژ 3.8 و کامیونت و مینی بوس اسقاط,"✅️مینی بوس✅️کامیونت✅️کشنده✅️نیسان با تناژ 3800
✅️قیمت از 200 میلیون تا 900 میلیون
✅️نقد
✅️مجری طرح ملی اسقاط
✅️فک پلاک توسط پلیس راهور ظرف ۲ الی ۴ هفته

دوستدار شما عزیزان "" خانم ساری """
خدمات,خدمات پیشه و مهارت,طراحی و بازسازی کلاسیک,tehran,۰۹۱۲۰۴۴۱۰۵۴,طراحی و بازسازی کلاسیک,"طراح و مجری پروژه های داخلی سبک کلاسیک و نیوکلاسیک رزومه قوی اکیپ حرفه ای قیمت استثنایی
از صفر تا صد بازسازی
ظرفیت پذیرش تا 30 دی ماه"
