title,link
پذیرایی مراسم ختم،دفاع پایان نامه،ترحیم ،جشن,https://divar.ir/v/%D9%BE%D8%B0%DB%8C%D8%B1%D8%A7%DB%8C%DB%8C-%D9%85%D8%B1%D8%A7%D8%B3%D9%85-%D8%AE%D8%AA%D9%85-%D8%AF%D9%81%D8%A7%D8%B9-%D9%BE%D8%A7%DB%8C%D8%A7%D9%86-%D9%86%D8%A7%D9%85%D9%87-%D8%AA%D8%B1%D8%AD%DB%8C%D9%85-%D8%AC%D8%B4%D9%86/wZooqZcH
آموزش اقتصادی اکستنشن مژه,https://divar.ir/v/%D8%A2%D9%85%D9%88%D8%B2%D8%B4-%D8%A7%D9%82%D8%AA%D8%B5%D8%A7%D8%AF%DB%8C-%D8%A7%DA%A9%D8%B3%D8%AA%D9%86%D8%B4%D9%86-%D9%85%DA%98%D9%87/wZGWz5VT
حمل بار و اثاثیه با کارگران حرفه ای و ماشین بزرگ,https://divar.ir/v/%D8%AD%D9%85%D9%84-%D8%A8%D8%A7%D8%B1-%D9%88-%D8%A7%D8%AB%D8%A7%D8%AB%DB%8C%D9%87-%D8%A8%D8%A7-%DA%A9%D8%A7%D8%B1%DA%AF%D8%B1%D8%A7%D9%86-%D8%AD%D8%B1%D9%81%D9%87-%D8%A7%DB%8C-%D9%88-%D9%85%D8%A7%D8%B4%DB%8C%D9%86-%D8%A8%D8%B2%D8%B1%DA%AF/QZs7FDzn
نگین امید سپه,https://divar.ir/v/%D9%86%DA%AF%DB%8C%D9%86-%D8%A7%D9%85%DB%8C%D8%AF-%D8%B3%D9%BE%D9%87/wZXOW5Uo
چاه کن فاضلاب چاه آبی چاه آرت,https://divar.ir/v/%DA%86%D8%A7%D9%87-%DA%A9%D9%86-%D9%81%D8%A7%D8%B6%D9%84%D8%A7%D8%A8-%DA%86%D8%A7%D9%87-%D8%A2%D8%A8%DB%8C-%DA%86%D8%A7%D9%87-%D8%A2%D8%B1%D8%AA/wZX9bLyG
گچبری تخت طاووس,https://divar.ir/v/%DA%AF%DA%86%D8%A8%D8%B1%DB%8C-%D8%AA%D8%AE%D8%AA-%D8%B7%D8%A7%D9%88%D9%88%D8%B3/wZYy9m7y
خدمات اموزش کراتین/بوتاکس پروتین۵۰۰توسط مدیرسالن,https://divar.ir/v/%D8%AE%D8%AF%D9%85%D8%A7%D8%AA-%D8%A7%D9%85%D9%88%D8%B2%D8%B4-%DA%A9%D8%B1%D8%A7%D8%AA%DB%8C%D9%86-%D8%A8%D9%88%D8%AA%D8%A7%DA%A9%D8%B3-%D9%BE%D8%B1%D9%88%D8%AA%DB%8C%D9%86%DB%B5%DB%B0%DB%B0%D8%AA%D9%88%D8%B3%D8%B7-%D9%85%D8%AF%DB%8C%D8%B1%D8%B3%D8%A7%D9%84%D9%86/wZX-ZVQ-
پخش عمده و خرده کاغذدیواری وپارکت از انبار کرمان,https://divar.ir/v/%D9%BE%D8%AE%D8%B4-%D8%B9%D9%85%D8%AF%D9%87-%D9%88-%D8%AE%D8%B1%D8%AF%D9%87-%DA%A9%D8%A7%D8%BA%D8%B0%D8%AF%DB%8C%D9%88%D8%A7%D8%B1%DB%8C-%D9%88%D9%BE%D8%A7%D8%B1%DA%A9%D8%AA-%D8%A7%D8%B2-%D8%A7%D9%86%D8%A8%D8%A7%D8%B1-%DA%A9%D8%B1%D9%85%D8%A7%D9%86/QZ5lcesD
نصاب تنظیم نصب انواع آنتن، گیرنده فول اچ دی.,https://divar.ir/v/%D9%86%D8%B5%D8%A7%D8%A8-%D8%AA%D9%86%D8%B8%DB%8C%D9%85-%D9%86%D8%B5%D8%A8-%D8%A7%D9%86%D9%88%D8%A7%D8%B9-%D8%A2%D9%86%D8%AA%D9%86-%DA%AF%DB%8C%D8%B1%D9%86%D8%AF%D9%87-%D9%81%D9%88%D9%84-%D8%A7%DA%86-%D8%AF%DB%8C/wZVZ_tdK
ایزوگام شرق دلیجان,https://divar.ir/v/%D8%A7%DB%8C%D8%B2%D9%88%DA%AF%D8%A7%D9%85-%D8%B4%D8%B1%D9%82-%D8%AF%D9%84%DB%8C%D8%AC%D8%A7%D9%86/wZm1okuo
لوله بازکنی ضمانتی فنرزنی چاه سخت وسیمانی۲۴ساعته,https://divar.ir/v/%D9%84%D9%88%D9%84%D9%87-%D8%A8%D8%A7%D8%B2%DA%A9%D9%86%DB%8C-%D8%B6%D9%85%D8%A7%D9%86%D8%AA%DB%8C-%D9%81%D9%86%D8%B1%D8%B2%D9%86%DB%8C-%DA%86%D8%A7%D9%87-%D8%B3%D8%AE%D8%AA-%D9%88%D8%B3%DB%8C%D9%85%D8%A7%D9%86%DB%8C%DB%B2%DB%B4%D8%B3%D8%A7%D8%B9%D8%AA%D9%87/gZaAK6yM
کلیدسازی بازکردن انواع قفل درب قفل و خودرو 24ساعته,https://divar.ir/v/%DA%A9%D9%84%DB%8C%D8%AF%D8%B3%D8%A7%D8%B2%DB%8C-%D8%A8%D8%A7%D8%B2%DA%A9%D8%B1%D8%AF%D9%86-%D8%A7%D9%86%D9%88%D8%A7%D8%B9-%D9%82%D9%81%D9%84-%D8%AF%D8%B1%D8%A8-%D9%82%D9%81%D9%84-%D9%88-%D8%AE%D9%88%D8%AF%D8%B1%D9%88-24%D8%B3%D8%A7%D8%B9%D8%AA%D9%87/wZ6p4juZ
تخریب ساختمان,https://divar.ir/v/%D8%AA%D8%AE%D8%B1%DB%8C%D8%A8-%D8%B3%D8%A7%D8%AE%D8%AA%D9%85%D8%A7%D9%86/wZY-dyQU
کلید سازی باز کردن درب ضد سرقت خودرو و قفل 24ساعته,https://divar.ir/v/%DA%A9%D9%84%DB%8C%D8%AF-%D8%B3%D8%A7%D8%B2%DB%8C-%D8%A8%D8%A7%D8%B2-%DA%A9%D8%B1%D8%AF%D9%86-%D8%AF%D8%B1%D8%A8-%D8%B6%D8%AF-%D8%B3%D8%B1%D9%82%D8%AA-%D8%AE%D9%88%D8%AF%D8%B1%D9%88-%D9%88-%D9%82%D9%81%D9%84-24%D8%B3%D8%A7%D8%B9%D8%AA%D9%87/wZO6Bopk
فروش ویژه رتبه راه ساختمان تاسیسات نفت و گاز,https://divar.ir/v/%D9%81%D8%B1%D9%88%D8%B4-%D9%88%DB%8C%DA%98%D9%87-%D8%B1%D8%AA%D8%A8%D9%87-%D8%B1%D8%A7%D9%87-%D8%B3%D8%A7%D8%AE%D8%AA%D9%85%D8%A7%D9%86-%D8%AA%D8%A7%D8%B3%DB%8C%D8%B3%D8%A7%D8%AA-%D9%86%D9%81%D8%AA-%D9%88-%DA%AF%D8%A7%D8%B2/wZY6d4_W
اجرای طرح کاغذدیواری,https://divar.ir/v/%D8%A7%D8%AC%D8%B1%D8%A7%DB%8C-%D8%B7%D8%B1%D8%AD-%DA%A9%D8%A7%D8%BA%D8%B0%D8%AF%DB%8C%D9%88%D8%A7%D8%B1%DB%8C/wZZlF-fA
